work_year,experience_level,employment_type,job_title,salary,salary_currency,salary_in_usd,employee_residence,remote_ratio,company_location,company_size
2025,SE,FT,Analyst,159800,USD,159800,AU,0,AU,M
2025,SE,FT,Engineer,202800,USD,202800,US,0,US,L
2025,SE,FT,Engineer,183500,USD,183500,US,0,US,M
2025,SE,FT,Software Engineer,187600,USD,187600,US,0,US,M
2025,SE,FT,Machine Learning Engineer,245700,USD,245700,US,0,US,M
2025,SE,FT,Developer,110200,USD,110200,US,0,US,M
2025,MI,FT,Data Scientist,160800,USD,160800,US,0,US,M
2025,SE,FT,Applied Scientist,129400,USD,129400,US,0,US,L
2025,SE,FT,Engineer,115000,USD,115000,US,0,US,M
2025,SE,FT,Analytics Engineer,188000,USD,188000,CA,0,CA,M
2025,MI,FT,Data Product Manager,139700,USD,139700,US,0,US,M
2025,MI,FT,Associate,190424,USD,190424,US,0,US,M
2025,SE,FT,Data Scientist,273930,USD,273930,US,0,US,M
2025,SE,FT,Manager,132000,USD,132000,US,0,US,M
2025,MI,FT,Analyst,121300,USD,121300,US,0,US,M
2025,SE,FT,Analytics Engineer,213100,USD,213100,US,0,US,M
2025,EN,FT,Data Scientist,72000,EUR,75789,NL,0,NL,M
2025,MI,FT,Prompt Engineer,90000,USD,90000,CA,0,CA,M
2025,SE,FT,Software Engineer,172400,USD,172400,US,0,US,M
2025,EN,FT,BI Analyst,60000,USD,60000,US,0,US,M
2025,MI,FT,Machine Learning Engineer,555750,USD,555750,US,0,US,M
2025,SE,FT,Data Scientist,165600,USD,165600,US,0,US,M
2025,SE,FT,Data Scientist,138000,USD,138000,US,0,US,M
2025,SE,FT,Analyst,115920,USD,115920,US,0,US,M
2025,EX,FT,Platform Engineer,313500,USD,313500,US,0,US,M
2025,SE,FT,Data Scientist,190000,USD,190000,US,0,US,M
2025,EN,FT,Data Engineer,55308,EUR,58218,AT,0,AT,M
2025,SE,FT,Software Engineer,197000,USD,197000,US,0,US,M
2025,MI,FT,Research Engineer,350000,USD,350000,US,0,US,M
2025,SE,FT,Data Scientist,230000,USD,230000,US,0,US,M
2025,SE,FT,Engineer,168000,USD,168000,US,0,US,M
2025,MI,FT,Analyst,210000,USD,210000,US,0,US,M
2025,MI,FT,Data Manager,153925,USD,153925,US,0,US,M
2025,EN,FT,Data Analyst,82800,USD,82800,US,0,US,M
2025,MI,FT,Engineer,96000,USD,96000,US,0,US,M
2025,SE,FT,Software Engineer,240000,USD,240000,US,0,US,M
2025,MI,FT,Data Scientist,104600,USD,104600,US,0,US,M
2025,EN,FT,Data Quality Analyst,48960,USD,48960,US,0,US,M
2025,MI,PT,Data Manager,73800,USD,73800,US,0,US,M
2025,EN,FT,Data Analyst,53100,USD,53100,US,0,US,M
2025,SE,FT,Data Scientist,95000,USD,95000,US,0,US,M
2025,MI,FT,Consultant,180000,USD,180000,US,0,US,M
2025,SE,FT,Software Engineer,223400,USD,223400,US,0,US,M
2025,MI,FT,AI Developer,88000,USD,88000,US,0,US,M
2025,MI,FT,Research Fellow,36130,GBP,45734,GB,0,GB,M
2025,SE,FT,Architect,157000,USD,157000,US,0,US,M
2025,MI,FT,Data Engineer,140000,USD,140000,US,0,US,M
2025,SE,FT,Analytics Engineer,150000,USD,150000,US,0,US,M
2025,MI,FT,Manager,90000,USD,90000,US,0,US,M
2025,MI,FT,Machine Learning Engineer,129300,USD,129300,US,0,US,L
2025,EN,FT,Analyst,59600,USD,59600,US,0,US,M
2025,SE,FT,Data Scientist,120000,USD,120000,US,0,US,M
2025,SE,FT,Manager,598287,USD,598287,US,0,US,M
2025,MI,FT,Associate,65523,USD,65523,US,0,US,M
2025,MI,FT,Manager,33336,EUR,35090,AT,0,AT,M
2025,EN,FT,Data Management Specialist,60500,USD,60500,US,0,US,M
2025,SE,FT,Data Engineer,108000,USD,108000,CA,0,CA,M
2025,SE,FT,Platform Engineer,294000,USD,294000,US,0,US,M
2025,SE,FT,Data Engineer,55000,EUR,57894,FR,0,FR,M
2025,SE,FT,Engineer,273000,USD,273000,US,0,US,M
2025,SE,FT,Data Engineer,92600,EUR,97473,IE,0,IE,M
2025,MI,FT,Analyst,100000,USD,100000,US,0,US,M
2025,SE,FT,Software Engineer,129000,USD,129000,US,0,US,M
2025,EN,FT,Analyst,83264,USD,83264,US,0,US,M
2025,MI,FT,Software Engineer,86649,USD,86649,US,0,US,M
2025,SE,FT,Director,250000,USD,250000,US,0,US,M
2025,MI,FT,Power BI,60000,CAD,42857,US,0,US,M
2025,EN,FT,Data Architect,85000,USD,85000,US,0,US,M
2025,MI,FT,Engineer,175000,USD,175000,US,0,US,M
2025,MI,FT,Software Engineer,258000,USD,258000,US,0,US,M
2025,SE,FT,Machine Learning Engineer,264200,USD,264200,US,0,US,M
2025,SE,FT,Software Engineer,117000,USD,117000,US,0,US,M
2025,SE,FT,Software Development Engineer,197600,USD,197600,US,0,US,M
2025,MI,FT,Manager,90000,GBP,113924,GB,0,GB,M
2025,MI,FT,Business Analyst,136600,USD,136600,US,0,US,M
2025,SE,FT,Researcher,119800,USD,119800,US,0,US,M
2025,MI,FT,Software Engineer,130600,USD,130600,US,0,US,M
2025,SE,FT,Software Engineer,188100,USD,188100,US,0,US,M
2025,SE,FT,Software Engineer,90440,GBP,114481,GB,0,GB,M
2025,SE,FT,Software Engineer,244000,USD,244000,US,0,US,M
2025,MI,FT,Data Analyst,61000,USD,61000,US,0,US,M
2025,SE,FT,Engineer,67700,USD,67700,US,0,US,M
2025,SE,FT,Member of Technical Staff,250000,USD,250000,US,0,US,M
2025,MI,FT,Research Scientist,212800,USD,212800,US,0,US,L
2025,MI,FT,DevOps Engineer,187000,USD,187000,US,0,US,M
2025,MI,FT,Data Manager,115000,USD,115000,US,0,US,M
2025,EN,FT,Software Engineer,108000,USD,108000,US,0,US,M
2025,MI,FT,Engineering Manager,212000,USD,212000,US,0,US,M
2025,SE,FT,Engineer,200000,USD,200000,US,0,US,M
2025,MI,FT,Postdoctoral Fellow,62700,USD,62700,US,0,US,M
2025,MI,FT,Machine Learning Engineer,168000,USD,168000,US,0,US,M
2025,SE,FT,Manager,204050,USD,204050,US,0,US,M
2025,SE,FT,Manager,170800,USD,170800,US,0,US,M
2025,SE,FT,Software Engineer,250000,USD,250000,US,0,US,M
2025,SE,FT,Product Designer,157600,USD,157600,US,0,US,M
2025,SE,FT,Manager,146675,USD,146675,US,0,US,M
2025,MI,FT,Machine Learning Engineer,141100,USD,141100,US,0,US,M
2025,SE,FT,Engineer,239900,USD,239900,US,0,US,M
2025,SE,FT,Manager,171600,USD,171600,CA,0,CA,M
2025,SE,FT,Data Scientist,101800,USD,101800,US,0,US,M
2025,SE,FT,Data Engineer,203000,USD,203000,US,0,US,M
2025,EN,FT,Analyst,38000,GBP,48101,GB,0,GB,M
2025,MI,FT,Machine Learning Engineer,240000,USD,240000,US,0,US,M
2025,MI,FT,Associate,206000,USD,206000,US,0,US,M
2025,SE,FT,Data Management Analyst,287600,USD,287600,US,0,US,M
2025,SE,FT,Platform Engineer,220000,USD,220000,US,0,US,M
2025,SE,FT,Manager,140000,USD,140000,US,0,US,M
2025,SE,FT,Data Scientist,94220,USD,94220,CA,0,CA,M
2025,SE,FT,Engineer,139100,USD,139100,US,0,US,M
2025,SE,FT,Data Analyst,51860,GBP,65645,GB,0,GB,M
2025,SE,FT,Data Management,237100,USD,237100,US,0,US,M
2025,SE,FT,Data Scientist,217400,USD,217400,US,0,US,M
2025,SE,FT,Engineer,169500,USD,169500,US,0,US,M
2025,MI,FT,Manager,108320,USD,108320,US,0,US,M
2025,SE,FT,Software Engineer,241900,USD,241900,US,0,US,M
2025,SE,FT,Engineer,188250,USD,188250,US,0,US,M
2025,EN,FT,Data Analyst,52000,USD,52000,US,0,US,M
2025,MI,FT,Data Scientist,99000,USD,99000,US,0,US,M
2025,SE,FT,Software Engineer,325000,GBP,411392,GB,0,GB,M
2025,SE,FT,Data Scientist,56448,EUR,59418,AT,0,AT,M
2025,MI,FT,Associate,160000,USD,160000,US,0,US,M
2025,SE,FT,Solutions Engineer,151000,USD,151000,US,0,US,M
2025,SE,FT,Data Architect,135000,USD,135000,US,0,US,M
2025,SE,FT,Data Scientist,158600,USD,158600,US,0,US,M
2025,MI,FT,Software Engineer,460000,USD,460000,US,0,US,M
2025,SE,FT,Software Engineer,144200,USD,144200,US,0,US,M
2025,SE,FT,Data Architect,143750,USD,143750,US,0,US,M
2025,EN,FT,Data Analyst,81359,USD,81359,CA,0,CA,M
2025,MI,FT,Data Engineer,30000,GBP,37974,GB,0,GB,M
2025,EN,FT,Data Analyst,98125,USD,98125,US,0,US,M
2025,SE,FT,Software Engineer,143000,USD,143000,US,0,US,M
2025,SE,FT,Data Analyst,68700,USD,68700,US,0,US,M
2025,SE,FT,Machine Learning Engineer,160700,USD,160700,US,0,US,M
2025,MI,FT,Associate,150000,USD,150000,US,0,US,M
2025,EN,FT,Data Scientist,132000,USD,132000,US,0,US,M
2025,SE,FT,Product Designer,305000,USD,305000,US,0,US,M
2025,SE,FT,Data Governance Manager,181400,USD,181400,US,0,US,M
2025,EN,FT,Analytics Engineer,52000,USD,52000,US,0,US,M
2025,SE,FT,Engineer,139000,USD,139000,US,0,US,M
2025,MI,FT,Machine Learning Scientist,130000,USD,130000,US,0,US,M
2025,EN,FT,Data Analyst,112000,USD,112000,US,0,US,M
2025,MI,FT,Data Scientist,96400,USD,96400,US,0,US,M
2025,SE,FT,Consultant,111100,USD,111100,US,0,US,M
2025,EN,FT,Data Engineer,45000,EUR,47368,FR,0,FR,M
2025,SE,FT,Associate,112500,USD,112500,US,0,US,M
2025,EN,CT,Data Analyst,41500,GBP,52531,JM,0,JM,M
2025,SE,FT,Engineer,252900,USD,252900,US,0,US,M
2025,EX,FT,Director,110000,USD,110000,US,0,US,M
2025,SE,FT,Data Analyst,144200,USD,144200,US,0,US,M
2025,SE,FT,Developer,165000,USD,165000,US,0,US,M
2025,MI,FT,AI Engineer,160000,USD,160000,US,0,US,M
2025,MI,FT,Manager,150000,USD,150000,US,0,US,M
2025,SE,FT,Solutions Architect,239000,USD,239000,US,0,US,L
2025,MI,FT,Manager,105000,USD,105000,US,0,US,M
2025,SE,FT,Engineer,157000,USD,157000,US,0,US,M
2025,SE,FT,Software Engineer,90000,USD,90000,US,0,US,M
2025,EN,FT,Data Analyst,75000,USD,75000,US,0,US,M
2025,MI,FT,Software Developer,79000,USD,79000,US,0,US,M
2025,SE,CT,Data Scientist,50000,EUR,52631,FR,0,FR,M
2025,SE,FT,Data Engineer,176000,USD,176000,CA,0,CA,M
2025,EX,FT,Data Analyst,208250,USD,208250,US,0,US,M
2025,MI,FT,Data Scientist,121900,USD,121900,US,0,US,M
2025,SE,FT,Data Analyst,168750,USD,168750,US,0,US,M
2025,SE,FT,Data Engineer,190000,USD,190000,US,0,US,M
2025,SE,FT,Systems Engineer,86600,USD,86600,US,0,US,M
2025,SE,FT,Engineer,300000,USD,300000,US,0,US,M
2025,SE,FT,Manager,126383,USD,126383,CA,0,CA,M
2025,SE,FT,Engineer,162000,USD,162000,US,0,US,M
2025,SE,FT,Manager,159100,USD,159100,US,0,US,M
2025,EX,FT,AI Engineer,256000,USD,256000,US,0,US,M
2025,MI,FT,Engineer,190000,USD,190000,US,0,US,M
2025,SE,FT,Engineer,280000,USD,280000,US,0,US,M
2025,SE,FT,Data Analyst,80000,USD,80000,US,0,US,M
2025,MI,FT,Data Scientist,127000,USD,127000,US,0,US,M
2025,SE,FT,Data Architect,230000,USD,230000,US,0,US,M
2025,SE,FT,Data Analyst,109700,USD,109700,US,0,US,M
2025,MI,FT,Manager,238500,USD,238500,US,0,US,M
2025,SE,FT,Machine Learning Engineer,200000,USD,200000,US,0,US,M
2025,MI,FT,Data Engineer,160000,USD,160000,US,0,US,M
2025,MI,FT,Engineer,107000,USD,107000,US,0,US,M
2025,EN,FT,Quantitative Analyst,181000,USD,181000,US,0,US,M
2025,MI,FT,Associate,77000,USD,77000,US,0,US,M
2025,SE,FT,Engineer,42000,USD,42000,EG,0,EG,M
2025,MI,FT,Data Management Specialist,119600,USD,119600,US,0,US,M
2025,SE,FT,Software Engineer,217000,USD,217000,US,0,US,M
2025,MI,FT,Software Engineer,36130,GBP,45734,GB,0,GB,M
2025,SE,FT,Data Scientist,120900,USD,120900,US,0,US,M
2025,SE,FT,Data Engineer,147000,USD,147000,US,0,US,M
2025,SE,FT,Director,192000,USD,192000,US,0,US,M
2025,SE,FT,Data Specialist,120000,USD,120000,US,0,US,M
2025,SE,FT,Software Engineer,132000,USD,132000,US,0,US,M
2025,SE,FT,Software Engineer,252000,USD,252000,US,0,US,M
2025,MI,FT,Research Scientist,153925,USD,153925,US,0,US,M
2025,MI,FT,Data Engineer,172000,USD,172000,US,0,US,M
2025,SE,FT,Data Scientist,145000,USD,145000,US,0,US,M
2025,SE,FT,Product Manager,198000,USD,198000,US,0,US,M
2025,SE,FT,Quantitative Analyst,130000,USD,130000,US,0,US,M
2025,EN,FT,Data Management,76800,USD,76800,AU,0,AU,M
2025,MI,FT,Consultant,160000,USD,160000,US,0,US,M
2025,MI,FT,Data Engineer,70000,EUR,73684,FR,0,FR,M
2025,MI,FT,Data Engineer,220700,USD,220700,US,0,US,M
2025,SE,FT,Associate,158700,USD,158700,US,0,US,M
2025,SE,FT,Analyst,75000,USD,75000,US,0,US,M
2025,MI,FT,Data Scientist,231700,USD,231700,US,0,US,M
2025,SE,FT,Solutions Architect,240000,GBP,303797,GB,0,GB,M
2025,SE,FT,Engineering Manager,234700,USD,234700,US,0,US,M
2025,SE,FT,Manager,234000,USD,234000,US,0,US,M
2025,EN,FT,Data Analyst,56200,USD,56200,US,0,US,M
2025,SE,FT,Manager,230000,USD,230000,US,0,US,M
2025,SE,FT,Consultant,111111,USD,111111,US,0,US,M
2025,SE,FT,Data Integrator,113000,USD,113000,US,0,US,M
2025,MI,FT,AI Engineer,150000,USD,150000,US,0,US,M
2025,SE,FT,Data Lead,147400,USD,147400,US,0,US,M
2025,SE,FT,Data Engineer,170000,USD,170000,US,0,US,M
2025,SE,FT,Software Engineer,264000,USD,264000,US,0,US,M
2025,SE,FT,Data Engineer,164600,USD,164600,US,0,US,M
2025,SE,FT,Data Architect,207000,USD,207000,US,0,US,M
2025,SE,FT,Software Engineer,117200,USD,117200,US,0,US,M
2025,SE,FT,Systems Engineer,226900,USD,226900,US,0,US,M
2025,SE,FT,Developer,135000,USD,135000,US,0,US,M
2025,EN,FT,Data Analyst,60300,USD,60300,US,0,US,M
2025,MI,FT,Product Manager,210000,USD,210000,US,0,US,M
2025,MI,FT,Engineer,116424,USD,116424,US,0,US,M
2025,MI,FT,Data Management Specialist,46350,USD,46350,US,0,US,M
2025,SE,FT,Data Engineer,312200,USD,312200,US,0,US,M
2025,SE,FT,Applied Scientist,504000,PLN,123832,PL,0,PL,M
2025,MI,FT,Researcher,175000,USD,175000,US,0,US,M
2025,SE,FT,Data Engineer,150000,USD,150000,US,0,US,M
2025,SE,FT,Data Analytics Lead,75880,USD,75880,CA,0,CA,M
2025,MI,FT,Software Engineer,130000,USD,130000,US,0,US,M
2025,SE,FT,Software Engineer,154450,USD,154450,US,0,US,M
2025,MI,CT,Data Engineer,120000,USD,120000,US,0,US,M
2025,EN,FT,Engineer,178392,USD,178392,US,0,US,M
2025,MI,FT,Postdoctoral Research Fellow,70000,USD,70000,CA,0,CA,M
2025,SE,FT,Engineer,101996,USD,101996,US,0,US,M
2025,SE,FT,Data Engineer,94800,USD,94800,US,0,US,M
2025,SE,FT,Data Engineer,153000,USD,153000,US,0,US,L
2025,MI,FT,Data Analytics Manager,128300,USD,128300,US,0,US,M
2025,EN,FT,Data Engineer,50000,USD,50000,US,0,US,M
2025,MI,FT,Software Engineer,135000,USD,135000,US,0,US,M
2025,MI,FT,Data Engineer,173000,USD,173000,US,0,US,M
2025,SE,FT,Data Scientist,116950,USD,116950,US,0,US,M
2025,MI,FT,Data Engineer,123000,USD,123000,US,0,US,M
2025,SE,FT,Data Analyst,100000,GBP,126582,GB,0,GB,M
2025,SE,FT,Solutions Engineer,217100,USD,217100,US,0,US,M
2025,EN,FT,Analyst,75000,USD,75000,US,0,US,M
2025,EN,FT,Manager,180000,USD,180000,US,0,US,M
2025,SE,FT,Product Manager,275000,USD,275000,US,0,US,M
2025,MI,FT,Manager,115700,USD,115700,US,0,US,M
2025,SE,FT,Software Engineer,162000,USD,162000,US,0,US,M
2025,SE,FT,Machine Learning Engineer,192000,USD,192000,US,0,US,M
2025,SE,FT,Analytics Engineer,189000,USD,189000,US,0,US,M
2025,SE,FT,Architect,244560,USD,244560,US,0,US,M
2025,SE,FT,Machine Learning Specialist,225000,USD,225000,US,0,US,M
2025,SE,FT,Data Scientist,138911,USD,138911,US,0,US,M
2025,SE,FT,Data Scientist,244685,USD,244685,US,0,US,M
2025,EN,FT,Research Scientist,60000,USD,60000,US,0,US,M
2025,SE,FT,Associate,117300,USD,117300,US,0,US,M
2025,MI,FT,Statistician,101500,USD,101500,US,0,US,M
2025,EN,FT,Analyst,45000,GBP,56962,GB,0,GB,M
2025,SE,FT,Data Engineer,129400,USD,129400,US,0,US,M
2025,SE,FT,Software Engineer,190000,USD,190000,US,0,US,M
2025,MI,FT,Software Engineer,141000,USD,141000,US,0,US,M
2025,MI,FT,Data Analyst,49849,GBP,63100,US,0,US,M
2025,SE,FT,Manager,255360,USD,255360,US,0,US,M
2025,SE,FT,Data Engineer,113200,USD,113200,US,0,US,M
2025,MI,FT,Data Scientist,186000,USD,186000,US,0,US,M
2025,SE,FT,Data Architect,223650,USD,223650,US,0,US,M
2025,MI,FT,Manager,92560,USD,92560,US,0,US,M
2025,SE,FT,Manager,176500,USD,176500,US,0,US,M
2025,SE,FT,Software Engineer,175800,USD,175800,US,0,US,M
2025,EN,FT,Analyst,80000,USD,80000,US,0,US,M
2025,EN,FT,Analyst,115200,USD,115200,CA,0,CA,M
2025,SE,FT,Engineer,110098,USD,110098,US,0,US,M
2025,SE,FT,Data Architect,160000,USD,160000,US,0,US,M
2025,SE,FT,Data Analyst,65400,USD,65400,CA,0,CA,M
2025,SE,FT,Manager,278900,USD,278900,US,0,US,M
2025,MI,FT,Postdoctoral Researcher,173000,USD,173000,US,0,US,M
2025,MI,FT,Manager,199000,USD,199000,US,0,US,M
2025,MI,FT,Data Scientist,160000,USD,160000,US,0,US,M
2025,SE,FT,Machine Learning Engineer,355000,USD,355000,US,0,US,M
2025,MI,FT,Software Engineer,138000,USD,138000,US,0,US,M
2025,SE,FT,Manager,196123,USD,196123,US,0,US,M
2025,SE,FT,Software Engineer,86900,USD,86900,US,0,US,M
2025,MI,FT,Manager,140000,USD,140000,US,0,US,M
2025,MI,FT,Product Manager,183000,USD,183000,US,0,US,M
2025,SE,FT,Analyst,68640,USD,68640,US,0,US,M
2025,SE,FT,Machine Learning Engineer,364320,USD,364320,US,0,US,M
2025,SE,FT,Data Analysis,98480,USD,98480,US,0,US,M
2025,MI,FT,Engineer,160000,USD,160000,US,0,US,M
2025,SE,FT,Prompt Engineer,255000,USD,255000,US,0,US,M
2025,SE,FT,Product Manager,164500,USD,164500,US,0,US,M
2025,MI,FT,Software Engineer,102756,USD,102756,US,0,US,M
2025,EN,FT,Analyst,69661,USD,69661,US,0,US,M
2025,EN,FT,Data Engineer,60600,EUR,63789,NL,0,NL,M
2025,SE,FT,Data Architect,220220,USD,220220,US,0,US,M
2025,SE,FT,Associate,120000,USD,120000,US,0,US,M
2025,EN,FT,Analyst,114700,USD,114700,US,0,US,M
2025,EN,FT,Analyst,87200,USD,87200,US,0,US,M
2025,EN,FT,Data Analyst,110000,USD,110000,US,0,US,M
2025,SE,FT,Product Manager,132000,USD,132000,US,0,US,M
2025,SE,FT,Developer,65800,USD,65800,US,0,US,M
2025,SE,FT,Engineer,221700,USD,221700,US,0,US,M
2025,SE,FT,Analyst,96480,USD,96480,US,0,US,M
2025,MI,FT,Data Visualization Specialist,123050,USD,123050,US,0,US,M
2025,SE,FT,Software Engineer,389500,USD,389500,US,0,US,M
2025,SE,FT,AI Engineer,250000,USD,250000,US,0,US,M
2025,SE,FT,Machine Learning Engineer,212800,USD,212800,US,0,US,M
2025,EX,FT,Executive,274327,USD,274327,US,0,US,M
2025,MI,FT,Manager,165000,USD,165000,US,0,US,M
2025,MI,FT,Software Engineer,171000,USD,171000,US,0,US,M
2025,SE,FT,Business Intelligence Analyst,176000,USD,176000,US,0,US,M
2025,SE,FT,Analytics Engineer,168000,USD,168000,US,0,US,M
2025,SE,FT,Consultant,115000,USD,115000,US,0,US,M
2025,MI,FT,AI Engineer,85000,USD,85000,US,0,US,M
2025,MI,FT,Manager,202998,USD,202998,US,0,US,M
2025,SE,FT,System Engineer,142000,USD,142000,US,0,US,M
2025,SE,FT,Data Architect,155000,USD,155000,US,0,US,M
2025,SE,FT,AI Engineer,161700,USD,161700,US,0,US,M
2025,MI,FT,Data Engineer,125011,USD,125011,AU,0,AU,M
2025,MI,FT,Data Engineer,203000,USD,203000,US,0,US,M
2025,MI,FT,Consultant,140000,USD,140000,US,0,US,M
2025,SE,FT,Engineer,223676,USD,223676,US,0,US,M
2025,SE,FT,Solutions Architect,148000,USD,148000,US,0,US,M
2025,SE,FT,Software Developer,100000,USD,100000,CA,0,CA,M
2025,EN,PT,Software Engineer,54000,USD,54000,US,0,US,M
2025,SE,FT,Software Engineer,325000,USD,325000,US,0,US,M
2025,SE,FT,Engineer,142000,USD,142000,US,0,US,M
2025,SE,FT,Data Scientist,280000,USD,280000,US,0,US,M
2025,MI,FT,Analytics Manager,226000,USD,226000,US,0,US,M
2025,SE,FT,Data Scientist,247600,USD,247600,US,0,US,L
2025,SE,FT,Software Engineer,205000,USD,205000,US,0,US,M
2025,EN,FT,BI Analyst,90000,USD,90000,US,0,US,M
2025,MI,FT,Research Scientist,225000,USD,225000,NL,0,NL,M
2025,SE,FT,Software Engineer,170000,USD,170000,US,0,US,M
2025,MI,FT,Machine Learning Engineer,143100,USD,143100,US,0,US,M
2025,SE,FT,Engineer,92400,USD,92400,US,0,US,M
2025,SE,FT,Data Engineer,227900,USD,227900,US,0,US,M
2025,SE,FT,Business Analyst,85000,USD,85000,US,0,US,M
2025,MI,FT,Data Scientist,212800,USD,212800,US,0,US,L
2025,SE,FT,Analyst,120000,USD,120000,US,0,US,M
2025,SE,FT,AI Engineer,304200,USD,304200,US,0,US,M
2025,SE,FT,Data Analyst,115900,USD,115900,US,0,US,M
2025,MI,FT,Data Manager,61253,EUR,64476,IE,0,IE,M
2025,SE,FT,MLOps Engineer,141600,USD,141600,CA,0,CA,M
2025,SE,FT,Data Architect,175000,USD,175000,US,0,US,M
2025,SE,FT,Software Architect,188200,USD,188200,US,0,US,M
2025,SE,FT,Manager,163200,USD,163200,CA,0,CA,M
2025,MI,FT,Consultant,100000,USD,100000,US,0,US,M
2025,MI,FT,Solutions Engineer,94300,USD,94300,US,0,US,M
2025,SE,FT,Data Scientist,189175,USD,189175,US,0,US,M
2025,SE,FT,Applied Scientist,97500,USD,97500,US,0,US,M
2025,SE,FT,Technical Writer,100000,USD,100000,US,0,US,M
2025,SE,FT,Data Analyst,222600,USD,222600,US,0,US,M
2025,MI,FT,Forward Deployed Engineer,137000,USD,137000,US,0,US,M
2025,SE,FT,Technical Lead,159500,USD,159500,US,0,US,M
2025,SE,FT,Software Engineer,448000,USD,448000,US,0,US,M
2025,SE,FT,Director,354800,USD,354800,US,0,US,M
2025,SE,FT,Data Management Lead,136800,USD,136800,CA,0,CA,M
2025,EN,FT,Software Engineer,36000,USD,36000,US,0,US,M
2025,MI,FT,Software Engineer,180000,USD,180000,US,0,US,M
2025,MI,FT,Data Scientist,80000,USD,80000,US,0,US,M
2025,SE,FT,Software Engineer,140000,USD,140000,US,0,US,M
2025,SE,FT,Software Engineer,248000,USD,248000,US,0,US,M
2025,EN,FT,Data Analyst,85000,USD,85000,US,0,US,M
2025,EN,FT,Platform Engineer,94676,USD,94676,US,0,US,M
2025,SE,FT,Data Scientist,133100,USD,133100,US,0,US,M
2025,SE,FT,Software Engineer,390000,GBP,493670,GB,0,GB,M
2025,SE,FT,Manager,133100,USD,133100,US,0,US,M
2025,MI,FT,Manager,197200,USD,197200,US,0,US,M
2025,EX,FT,Director,272300,USD,272300,US,0,US,M
2025,EN,FT,Research Analyst,77260,USD,77260,US,0,US,M
2025,SE,FT,Data Analyst,107635,USD,107635,US,0,US,M
2025,SE,FT,Software Developer,96800,USD,96800,US,0,US,M
2025,MI,FT,Research Assistant,60000,USD,60000,US,0,US,M
2025,SE,FT,Research Scientist,167200,USD,167200,US,0,US,M
2025,SE,FT,Data Scientist,184500,USD,184500,US,0,US,M
2025,SE,FT,Analyst,71070,USD,71070,CA,0,CA,M
2025,MI,FT,Systems Engineer,405000,USD,405000,US,0,US,M
2025,MI,FT,Engineer,55000,USD,55000,CA,0,CA,M
2025,SE,FT,Engineer,91520,USD,91520,US,0,US,M
2025,SE,FT,Software Engineer,107100,USD,107100,US,0,US,M
2025,MI,FT,Developer,108643,USD,108643,CA,0,CA,M
2025,MI,FT,Data Analyst,140000,USD,140000,US,0,US,M
2025,MI,FT,Software Developer,223400,USD,223400,CA,0,CA,M
2025,EN,FT,Data Analyst,132700,USD,132700,US,0,US,M
2025,SE,FT,AI Engineer,241000,USD,241000,US,0,US,M
2025,MI,FT,Research Engineer,109300,USD,109300,US,0,US,M
2025,SE,FT,Data Product Manager,190575,USD,190575,US,0,US,M
2025,SE,FT,Research Engineer,100000,USD,100000,US,0,US,M
2025,MI,FT,Manager,120000,USD,120000,US,0,US,M
2025,SE,FT,Technical Writer,125000,USD,125000,US,0,US,M
2025,SE,FT,Principal Engineer,154000,USD,154000,US,0,US,M
2025,SE,FT,Data Governance Specialist,89700,USD,89700,CA,0,CA,M
2025,MI,FT,Manager,157800,USD,157800,US,0,US,M
2025,EN,FT,Analyst,78000,USD,78000,US,0,US,M
2025,SE,FT,Manager,119900,USD,119900,CA,0,CA,M
2025,EN,FT,Analyst,75804,USD,75804,GB,0,GB,M
2025,SE,FT,Software Engineer,300000,USD,300000,US,0,US,M
2025,SE,FT,Software Engineer,304200,USD,304200,US,0,US,M
2025,MI,FT,Manager,38400,EUR,40421,LT,0,LT,M
2025,SE,FT,AI Solutions Lead,125900,USD,125900,US,0,US,M
2025,SE,FT,Analyst,126000,USD,126000,CA,0,CA,M
2025,MI,FT,Data Scientist,51276,EUR,53974,NL,0,NL,M
2025,EN,FT,Data Visualization Designer,53064,EUR,55856,FR,0,FR,M
2025,SE,FT,Manager,101000,USD,101000,CA,0,CA,M
2025,MI,FT,Applied Scientist,136000,USD,136000,US,0,US,M
2025,SE,FT,Data Engineer,107800,USD,107800,US,0,US,M
2025,MI,FT,Data Management Analyst,105800,USD,105800,US,0,US,M
2025,SE,FT,Data Analytics Lead,188640,USD,188640,US,0,US,M
2025,EN,FT,Data Analyst,125000,USD,125000,US,0,US,M
2025,SE,FT,Data Engineer,240000,USD,240000,CA,0,CA,M
2025,SE,FT,Data Engineer,127000,USD,127000,US,0,US,M
2025,MI,FT,Manager,286000,USD,286000,US,0,US,L
2025,MI,FT,Manager,76200,USD,76200,US,0,US,M
2025,SE,FT,Engineer,250000,USD,250000,US,0,US,M
2025,SE,FT,Engineer,115000,USD,115000,US,0,US,M
2025,MI,FT,Developer,210000,USD,210000,US,0,US,M
2025,EX,FT,Associate,150000,USD,150000,US,0,US,M
2025,MI,FT,Applied Scientist,136000,USD,136000,US,0,US,L
2025,MI,FT,Data Analyst,85000,USD,85000,US,0,US,M
2025,SE,FT,Software Engineer,220700,USD,220700,US,0,US,M
2025,MI,FT,Data Engineer,134600,USD,134600,US,0,US,M
2025,SE,FT,Data Architect,284887,USD,284887,US,0,US,M
2025,MI,FT,Software Engineer,208000,USD,208000,US,0,US,M
2025,MI,FT,Manager,135000,USD,135000,US,0,US,M
2025,MI,FT,Product Owner,100000,EUR,105263,ES,0,ES,M
2025,SE,FT,Machine Learning Engineer,192890,USD,192890,US,0,US,M
2025,MI,FT,Research Associate,37174,GBP,47055,GB,0,GB,M
2025,MI,FT,Data Engineer,150000,USD,150000,US,0,US,M
2025,SE,FT,Data Engineer,220700,USD,220700,US,0,US,M
2025,MI,FT,Product Manager,168000,USD,168000,US,0,US,M
2025,SE,FT,Business Intelligence Engineer,185000,USD,185000,US,0,US,L
2025,MI,FT,Engineer,125000,USD,125000,US,0,US,M
2025,SE,FT,Software Engineer,202800,USD,202800,US,0,US,M
2025,MI,FT,Postdoctoral Fellow,57800,USD,57800,US,0,US,M
2025,MI,FT,Software Engineer,250000,USD,250000,US,0,US,M
2025,EN,FT,Engineer,100000,USD,100000,US,0,US,M
2025,SE,FT,Software Developer,189175,USD,189175,US,0,US,M
2025,MI,FT,Data Engineer,101858,USD,101858,AU,0,AU,M
2025,EN,FT,Analyst,106587,USD,106587,US,0,US,M
2025,EN,FT,Data Analyst,106200,USD,106200,US,0,US,M
2025,SE,FT,Data Architect,160000,USD,160000,US,0,US,M
2025,MI,FT,Data Engineer,58461,USD,58461,US,0,US,M
2025,MI,FT,Research Scientist,360000,USD,360000,US,0,US,M
2025,SE,FT,Data Scientist,90000,USD,90000,US,0,US,M
2025,MI,FT,Manager,218000,USD,218000,US,0,US,M
2025,SE,FT,Software Engineer,255000,GBP,322784,GB,0,GB,M
2025,SE,FT,Data Engineer,178100,USD,178100,US,0,US,M
2025,SE,FT,Engineer,108000,USD,108000,IN,0,IN,M
2025,SE,FT,DevOps Engineer,120000,USD,120000,US,0,US,M
2025,SE,FT,Member of Technical Staff,160000,USD,160000,US,0,US,M
2025,SE,FT,Technical Lead,220000,USD,220000,US,0,US,M
2025,SE,FT,Bioinformatician,44900,GBP,56835,GB,0,GB,M
2025,SE,FT,Data Analyst,50000,GBP,63291,GB,0,GB,M
2025,SE,FT,Data Analyst,115900,USD,115900,US,0,US,M
2025,MI,FT,Manager,118000,USD,118000,US,0,US,M
2025,MI,FT,Engineer,106558,USD,106558,US,0,US,M
2025,SE,FT,Bioinformatics Scientist,80852,USD,80852,US,0,US,M
2025,SE,FT,Research Scientist,299375,USD,299375,US,0,US,M
2025,SE,FT,Machine Learning Engineer,197000,USD,197000,US,0,US,M
2025,MI,FT,Data Engineer,112000,USD,112000,US,0,US,M
2025,SE,FT,Engineer,151300,USD,151300,US,0,US,L
2025,MI,FT,Data Scientist,155995,USD,155995,US,0,US,L
2025,EN,FT,Data Analyst,97000,USD,97000,CA,0,CA,M
2025,EX,FT,Director,154000,USD,154000,US,0,US,M
2025,EN,FT,Software Engineer,130000,USD,130000,US,0,US,M
2025,MI,FT,Engineer,150000,USD,150000,US,0,US,M
2025,MI,FT,Data Analyst,45000,GBP,56962,GB,0,GB,M
2025,SE,FT,Architect,99000,USD,99000,US,0,US,M
2025,EN,FT,Data Analyst,90000,USD,90000,US,0,US,M
2025,MI,FT,Business Intelligence Engineer,196000,USD,196000,US,0,US,M
2025,SE,FT,Director,212900,USD,212900,US,0,US,M
2025,SE,FT,Software Engineer,109000,USD,109000,US,0,US,M
2025,MI,FT,Manager,155000,USD,155000,US,0,US,M
2025,SE,FT,Analyst,116000,USD,116000,US,0,US,M
2025,SE,FT,Data Analyst,90000,USD,90000,US,0,US,M
2025,MI,PT,Associate,60000,USD,60000,US,0,US,M
2025,EN,FT,Data Analyst,79575,USD,79575,US,0,US,M
2025,SE,FT,Power BI Developer,165300,USD,165300,US,0,US,M
2025,EX,FT,Head of Data,287103,USD,287103,US,0,US,M
2025,SE,FT,Analyst,130000,USD,130000,US,0,US,M
2025,MI,FT,Data Analyst,45574,GBP,57688,GB,0,GB,M
2025,SE,FT,Data Analyst,78700,USD,78700,US,0,US,M
2025,SE,FT,Engineer,160900,USD,160900,US,0,US,M
2025,SE,FT,Solution Engineer,300000,USD,300000,US,0,US,M
2025,EN,FT,Analyst,84450,USD,84450,US,0,US,M
2025,MI,FT,Data Scientist,60000,GBP,75949,GB,0,GB,M
2025,MI,FT,Software Engineer,50000,GBP,63291,GB,0,GB,M
2025,SE,FT,Software Engineer,138500,USD,138500,US,0,US,M
2025,MI,FT,Data Analyst,95000,USD,95000,US,0,US,M
2025,SE,FT,Engineer,281000,USD,281000,US,0,US,M
2025,MI,FT,Machine Learning Engineer,170000,USD,170000,US,0,US,M
2025,SE,FT,Data Analyst,80000,USD,80000,US,0,US,M
2025,MI,FT,Software Engineer,251000,USD,251000,US,0,US,M
2025,SE,FT,Data Lead,108750,USD,108750,US,0,US,M
2025,SE,FT,Analytics Engineer,133000,CAD,95000,CA,0,CA,M
2025,EN,FT,Data Scientist,77600,USD,77600,US,0,US,M
2025,SE,FT,System Engineer,137000,USD,137000,US,0,US,M
2025,MI,FT,Data Analyst,88190,USD,88190,US,0,US,M
2025,EN,FT,Research Engineer,125000,USD,125000,IT,100,IT,M
2025,SE,FT,AI Engineer,194000,USD,194000,US,100,US,M
2025,SE,FT,Engineer,170000,USD,170000,US,100,US,M
2025,EN,FT,Analyst,41440,USD,41440,US,100,US,M
2025,MI,FT,Research Associate,54000,USD,54000,US,100,US,M
2025,SE,FT,Research Scientist,159750,USD,159750,US,100,US,M
2025,SE,FT,Software Engineer,209000,USD,209000,CA,100,CA,M
2025,SE,FT,Engineer,180000,USD,180000,US,100,US,M
2025,MI,FT,Manager,250377,USD,250377,US,100,US,M
2025,SE,FT,AI Engineer,230000,USD,230000,UA,100,UA,M
2025,SE,FT,Data Analyst,68700,USD,68700,US,100,US,M
2025,SE,FT,Software Engineer,136300,USD,136300,US,100,US,M
2025,SE,FT,Engineer,177100,USD,177100,US,100,US,M
2025,SE,FT,AI Engineer,190137,USD,190137,US,100,US,M
2025,SE,FT,Consultant,92300,USD,92300,US,100,US,M
2025,MI,FT,Engineer,115100,USD,115100,US,100,US,M
2025,SE,FT,Machine Learning Engineer,110000,USD,110000,CA,100,CA,M
2025,SE,FT,AI Engineer,89900,USD,89900,US,100,US,M
2025,SE,FT,Software Engineer,115000,EUR,121052,ES,100,ES,M
2025,MI,FT,Analyst,109000,USD,109000,US,100,US,M
2025,MI,FT,Machine Learning Engineer,120000,USD,120000,ES,100,ES,M
2025,MI,FT,Manager,151250,USD,151250,CA,100,CA,M
2025,MI,FT,Data Scientist,154700,USD,154700,US,100,US,M
2025,SE,FT,Engineer,346000,USD,346000,US,100,US,M
2025,MI,FT,QA Tutor Reviewer,24000,USD,24000,CR,100,CR,M
2025,EN,FT,Data Scientist,194180,USD,194180,US,100,US,M
2025,SE,FT,Data Governance Lead,248795,USD,248795,US,100,US,M
2025,SE,FT,Engineer,280600,USD,280600,US,100,US,M
2025,MI,FT,Product Manager,197200,USD,197200,US,100,US,M
2025,SE,FT,Data Analytics Lead,176000,USD,176000,US,100,US,M
2025,SE,FT,Consultant,170640,USD,170640,US,100,US,M
2025,SE,FT,Data Scientist,160000,USD,160000,US,100,US,M
2025,MI,FT,Data Product Owner,224000,USD,224000,US,100,US,M
2025,MI,FT,Data Engineer,175000,USD,175000,US,100,US,M
2025,MI,FT,Data Engineer,137300,USD,137300,US,100,US,M
2025,SE,FT,Analytics Engineer,137000,USD,137000,CA,100,CA,M
2025,SE,FT,Data Engineer,90000,USD,90000,US,100,US,M
2025,MI,FT,Analytics Engineer,132700,USD,132700,US,100,US,M
2025,SE,FT,Engineer,60940,EUR,64147,AT,100,AT,M
2025,SE,FT,Data Scientist,184000,USD,184000,US,100,US,M
2025,EN,FT,Data Analyst,73100,USD,73100,CA,100,CA,M
2025,SE,FT,Data Engineer,210000,USD,210000,US,100,US,M
2025,SE,FT,Data Engineer,136950,USD,136950,CA,100,CA,M
2025,SE,FT,Data Lead,209200,USD,209200,US,100,US,M
2025,SE,FT,Data Engineer,81900,USD,81900,AR,100,AR,M
2025,SE,FT,Software Engineer,286000,USD,286000,US,100,US,M
2025,SE,FT,Engineer,180000,USD,180000,US,100,US,M
2025,SE,FT,Data Infrastructure Engineer,147000,USD,147000,US,100,US,M
2025,SE,FT,AI Engineer,148000,USD,148000,US,100,US,M
2025,SE,FT,Machine Learning Scientist,150000,USD,150000,US,100,US,M
2025,SE,FT,Data Engineer,136800,USD,136800,US,100,US,M
2025,SE,FT,Data Analyst,150000,USD,150000,US,100,US,M
2025,MI,FT,Data Analyst,99000,USD,99000,US,100,US,M
2025,MI,FT,Data Engineer,80000,USD,80000,US,100,US,M
2025,MI,FT,AI Engineer,88750,USD,88750,US,100,US,M
2025,SE,FT,Software Engineer,111260,USD,111260,US,100,US,M
2025,SE,FT,Software Engineer,163420,USD,163420,US,100,US,M
2025,EN,FT,Data Analyst,70000,USD,70000,US,100,US,M
2025,SE,FT,Architect,150000,USD,150000,US,100,US,M
2025,MI,FT,Site Reliability Engineer,250000,USD,250000,US,100,US,M
2025,EN,FT,Data Operations Analyst,94800,USD,94800,US,100,US,M
2025,SE,FT,Data Scientist,215400,USD,215400,US,100,US,M
2025,MI,FT,Associate,235300,USD,235300,US,100,US,M
2025,MI,FT,Applied Scientist,134000,USD,134000,US,100,US,M
2025,MI,FT,Data Scientist,720000,USD,720000,US,100,US,M
2025,MI,FT,Product Manager,144000,USD,144000,US,100,US,M
2025,SE,FT,Manager,133800,USD,133800,US,100,US,M
2025,MI,FT,Statistical Programmer,118500,USD,118500,US,100,US,M
2025,MI,FT,Manager,228000,USD,228000,CA,100,CA,M
2025,SE,FT,Backend Engineer,170000,USD,170000,US,100,US,M
2025,SE,FT,Data Analyst,59000,EUR,62105,ES,100,ES,M
2025,MI,FT,Data Analyst,86000,USD,86000,US,100,US,M
2025,SE,FT,Data Engineer,140000,USD,140000,US,100,US,M
2025,SE,FT,Engineer,160000,USD,160000,US,100,US,M
2025,SE,FT,AI Scientist,195000,USD,195000,US,100,US,M
2025,SE,FT,Manager,182000,USD,182000,US,100,US,M
2025,SE,FT,BI Analyst,150000,USD,150000,US,100,US,M
2025,MI,FT,Consultant,151300,USD,151300,US,100,US,M
2025,SE,FT,Analytics Engineer,87000,USD,87000,US,100,US,M
2025,SE,FT,Machine Learning Engineer,140000,USD,140000,US,100,US,M
2025,SE,FT,Analytics Engineer,162000,USD,162000,US,100,US,M
2025,SE,FT,Data Scientist,180000,USD,180000,US,100,US,M
2025,SE,FT,Engineering Manager,200000,USD,200000,US,100,US,M
2025,SE,FT,Software Engineer,185800,USD,185800,US,100,US,M
2025,SE,FT,Data Architect,212220,USD,212220,US,100,US,M
2025,MI,FT,Insight Analyst,100000,USD,100000,US,100,US,M
2025,SE,FT,Business Analyst,102700,USD,102700,US,100,US,M
2025,SE,FT,Solution Architect,103600,USD,103600,US,100,US,M
2025,SE,FT,Data Scientist,139932,USD,139932,US,100,US,M
2025,SE,FT,System Engineer,168300,USD,168300,US,100,US,M
2025,SE,FT,Software Engineer,146000,USD,146000,US,100,US,M
2025,SE,FT,Data Analyst,150000,USD,150000,US,100,US,M
2025,SE,FT,Analyst,131747,USD,131747,US,100,US,M
2025,SE,FT,Solutions Architect,190000,USD,190000,US,100,US,M
2025,MI,FT,Software Engineer,130000,USD,130000,US,100,US,M
2025,SE,FT,Data Analyst,107100,USD,107100,CA,100,CA,M
2025,MI,FT,AI Engineer,80000,USD,80000,US,100,US,M
2025,SE,FT,Data Scientist,229000,USD,229000,US,100,US,M
2025,SE,FT,Data Scientist,160000,USD,160000,US,100,US,M
2025,SE,FT,Data Analyst,174700,USD,174700,US,100,US,M
2025,SE,FT,Data Engineer,160000,USD,160000,US,100,US,M
2025,EN,FT,Consultant,92000,USD,92000,US,100,US,M
2025,SE,FT,AI Scientist,210000,USD,210000,US,100,US,M
2025,MI,FT,Research Analyst,105000,USD,105000,US,100,US,M
2025,SE,FT,Solution Architect,100000,USD,100000,BR,100,BR,M
2025,SE,FT,Software Engineer,158000,USD,158000,CA,100,CA,M
2025,SE,FT,AI Scientist,178900,USD,178900,US,100,US,M
2025,SE,FT,Software Engineer,126279,USD,126279,US,100,US,M
2025,MI,FT,Data Analyst,90000,USD,90000,US,100,US,M
2025,SE,FT,Business Intelligence Analyst,150000,USD,150000,US,100,US,M
2025,MI,FT,Engineer,160000,USD,160000,US,100,US,M
2025,MI,FT,Data Scientist,166810,USD,166810,US,100,US,M
2025,SE,FT,AI Scientist,235000,USD,235000,US,100,US,M
2025,SE,FT,Data Analyst,150000,USD,150000,US,100,US,M
2025,SE,FT,AI Engineer,57000,USD,57000,UA,100,UA,M
2025,EX,FT,Director,175000,USD,175000,US,100,US,M
2025,SE,FT,Data Architect,184025,USD,184025,US,100,US,M
2025,MI,FT,Research Scientist,254100,USD,254100,US,100,US,M
2025,SE,FT,Decision Scientist,225000,USD,225000,US,100,US,M
2025,MI,FT,Data Scientist,131000,USD,131000,US,100,US,M
2025,MI,FT,Product Manager,104000,USD,104000,US,100,US,M
2025,SE,FT,Data Engineer,223950,USD,223950,US,100,US,M
2025,SE,FT,Data Engineer,200000,USD,200000,US,100,US,M
2025,SE,FT,Software Engineer,256000,USD,256000,US,100,US,M
2025,SE,FT,BI Engineer,150000,USD,150000,US,100,US,M
2025,MI,FT,Solutions Engineer,82000,USD,82000,US,100,US,M
2025,SE,FT,Software Engineer,140000,USD,140000,US,100,US,M
2025,MI,FT,Manager,83000,USD,83000,US,100,US,M
2025,MI,FT,Software Engineer,142000,USD,142000,US,100,US,M
2025,MI,FT,Engineer,111717,USD,111717,US,100,US,M
2025,SE,FT,System Engineer,305600,USD,305600,US,100,US,M
2025,SE,FT,Product Designer,170000,USD,170000,US,100,US,M
2025,SE,FT,Manager,360000,USD,360000,US,100,US,M
2025,SE,FT,Data Scientist,160000,USD,160000,US,100,US,M
2025,SE,FT,Software Engineer,300000,USD,300000,US,100,US,M
2025,SE,FT,Data Scientist,110000,USD,110000,US,100,US,M
2025,SE,FT,Engineer,105860,USD,105860,US,100,US,M
2025,EN,FT,Data Analyst,110000,USD,110000,US,100,US,M
2025,SE,FT,Data Analyst,123700,USD,123700,US,100,US,M
2025,EX,FT,AI Engineer,205000,USD,205000,US,100,US,M
2025,MI,FT,Data Engineer,129000,USD,129000,US,100,US,M
2025,SE,FT,BI Analyst,150000,USD,150000,US,100,US,M
2025,SE,FT,Analytics Engineer,201000,USD,201000,US,100,US,M
2025,SE,FT,Solutions Architect,72000,GBP,91139,GB,100,GB,M
2025,EN,FT,Analyst,65490,USD,65490,US,100,US,M
2025,MI,FT,Software Engineer,190000,USD,190000,US,100,US,M
2025,SE,FT,Technical Lead,256000,USD,256000,CA,100,CA,M
2025,SE,FT,Data Analyst,95000,USD,95000,US,100,US,M
2025,SE,FT,Data Engineer,300000,USD,300000,US,100,US,M
2025,MI,FT,Data Engineer,80000,USD,80000,US,100,US,M
2025,SE,FT,Engineer,180000,USD,180000,US,100,US,M
2025,SE,FT,Software Engineer,289000,USD,289000,US,100,US,M
2025,SE,FT,Software Engineer,310000,USD,310000,CA,100,CA,M
2025,SE,FT,Research Scientist,124300,USD,124300,CA,100,CA,M
2025,SE,FT,Staff Engineer,220000,USD,220000,US,100,US,M
2025,MI,FT,Data Engineer,87940,USD,87940,US,100,US,M
2025,SE,FT,Data Scientist,160000,USD,160000,US,100,US,M
2025,MI,FT,Platform Engineer,269640,USD,269640,US,100,US,M
2025,SE,FT,Machine Learning Engineer,180000,USD,180000,US,100,US,M
2025,MI,FT,Engineer,109000,USD,109000,US,100,US,M
2025,SE,FT,Engineer,168000,USD,168000,US,100,US,M
2025,MI,FT,Associate,70000,USD,70000,US,100,US,L
2025,MI,FT,Data Engineer,64000,USD,64000,US,100,US,M
2025,EN,FT,Data Analyst,78000,USD,78000,US,100,US,M
2025,SE,FT,Software Engineer,160400,USD,160400,US,100,US,M
2025,MI,FT,Data Engineer,120000,USD,120000,US,100,US,M
2025,EX,FT,Data Operations,125000,USD,125000,US,100,US,M
2025,SE,FT,Engineer,235000,USD,235000,US,100,US,M
2025,SE,FT,Engineer,177000,USD,177000,US,100,US,M
2025,SE,FT,Architect,190000,USD,190000,US,100,US,M
2025,MI,FT,Product Owner,100000,USD,100000,US,100,US,M
2025,MI,FT,Engineer,122979,USD,122979,US,100,US,M
2025,MI,FT,Associate,166300,USD,166300,US,100,US,M
2025,SE,FT,DevOps Engineer,165000,USD,165000,US,100,US,M
2025,MI,FT,Data Engineer,170000,USD,170000,US,100,US,M
2025,SE,FT,Data Architect,142800,USD,142800,US,100,US,M
2025,SE,FT,Manager,150000,USD,150000,US,100,US,M
2025,MI,FT,Machine Learning Scientist,170000,USD,170000,US,100,US,M
2025,SE,FT,Data Scientist,160000,USD,160000,US,100,US,M
2025,SE,FT,Data Engineer,109000,USD,109000,US,100,US,M
2025,EN,FT,Data Analyst,222000,USD,222000,US,100,US,M
2025,MI,FT,Software Engineer,144660,USD,144660,US,100,US,M
2025,SE,FT,Platform Engineer,200000,USD,200000,US,100,US,M
2025,SE,FT,Data Analyst,124600,USD,124600,US,100,US,M
2025,SE,FT,Engineer,225000,USD,225000,US,100,US,M
2025,MI,FT,DevOps Engineer,99320,USD,99320,US,100,US,M
2025,MI,FT,Manager,203000,USD,203000,CA,100,CA,M
2025,SE,FT,Associate,160200,USD,160200,US,100,US,M
2025,MI,FT,Manager,110000,USD,110000,US,100,US,M
2025,SE,FT,Analytics Engineer,187000,USD,187000,US,100,US,M
2025,SE,FT,Engineer,170000,USD,170000,US,100,US,M
2025,SE,FT,Engineer,169340,USD,169340,US,100,US,M
2025,SE,FT,Product Manager,175000,USD,175000,US,100,US,M
2025,MI,FT,Associate,245985,USD,245985,US,100,US,M
2025,EX,FT,Account Executive,100000,USD,100000,US,100,US,M
2025,SE,FT,Software Engineer,215000,USD,215000,US,100,US,M
2025,SE,FT,Software Engineer,220881,USD,220881,US,100,US,M
2025,SE,FT,Machine Learning Engineer,230000,USD,230000,US,100,US,M
2025,SE,FT,Machine Learning Engineer,216700,USD,216700,US,100,US,M
2025,MI,FT,Analyst,76900,USD,76900,US,100,US,M
2025,EN,FT,Data Analyst,160000,USD,160000,US,100,US,M
2025,MI,FT,Data Scientist,86110,USD,86110,US,100,US,M
2025,EX,FT,Account Executive,100000,USD,100000,US,100,US,M
2025,SE,FT,Software Engineer,234000,USD,234000,US,100,US,M
2025,MI,FT,Software Engineer,180000,USD,180000,US,100,US,M
2025,SE,FT,Software Engineer,160600,USD,160600,US,100,US,M
2025,MI,FT,Data Manager,81600,USD,81600,US,100,US,M
2025,SE,FT,Developer,157320,USD,157320,US,100,US,M
2025,MI,FT,Engineer,130000,USD,130000,US,100,US,M
2025,MI,FT,Data Scientist,164000,USD,164000,US,100,US,M
2025,SE,FT,Data Product Owner,179950,USD,179950,US,100,US,M
2025,SE,FT,Software Engineer,176490,USD,176490,US,100,US,M
2025,SE,FT,Data Scientist,110000,USD,110000,US,100,US,M
2025,SE,FT,Software Engineer,150000,USD,150000,US,100,US,M
2025,SE,FT,Data Scientist,140000,USD,140000,US,100,US,M
2025,SE,FT,Data Engineer,120000,USD,120000,US,100,US,M
2025,MI,FT,Data Scientist,189175,USD,189175,US,100,US,M
2025,MI,FT,Data Analyst,85000,USD,85000,US,100,US,M
2025,SE,FT,Data Engineer,165000,USD,165000,US,100,US,M
2025,SE,FT,Data Architect,98124,USD,98124,US,100,US,M
2025,MI,FT,Manager,120000,USD,120000,US,100,US,M
2025,SE,FT,Data Engineer,210000,USD,210000,US,100,US,M
2025,SE,FT,Software Engineer,206000,USD,206000,US,100,US,M
2025,MI,FT,Analyst,87800,USD,87800,US,100,US,M
2025,SE,FT,Data Engineer,130000,CAD,92857,CA,100,CA,M
2025,SE,FT,Solutions Architect,300800,USD,300800,US,100,US,M
2025,EX,FT,Director,126750,USD,126750,US,100,US,M
2025,MI,FT,Manager,91300,USD,91300,US,100,US,M
2025,SE,FT,Product Manager,170850,USD,170850,US,100,US,M
2025,MI,FT,Engineer,170000,USD,170000,US,100,US,M
2025,SE,FT,Analytics Engineer,220000,USD,220000,US,100,US,M
2025,SE,FT,Business Intelligence Developer,91200,USD,91200,US,100,US,M
2025,SE,FT,Manager,177375,USD,177375,US,100,US,M
2025,MI,FT,Developer,130000,USD,130000,US,100,US,M
2025,SE,FT,Analyst,80400,USD,80400,US,100,US,M
2025,MI,FT,Analytics Manager,133500,USD,133500,US,100,US,M
2025,SE,FT,Manager,237000,USD,237000,US,100,US,M
2025,MI,FT,Data Engineer,99000,USD,99000,CA,100,CA,M
2025,SE,FT,Software Engineer,180000,USD,180000,US,100,US,M
2025,SE,FT,Machine Learning Engineer,300000,USD,300000,US,100,US,M
2025,SE,FT,Machine Learning Researcher,110000,USD,110000,US,100,US,M
2025,MI,FT,Data Scientist,100675,USD,100675,US,100,US,M
2025,MI,FT,Research Engineer,110000,USD,110000,US,100,US,M
2025,SE,FT,Machine Learning Researcher,160000,USD,160000,US,100,US,M
2025,EN,FT,Data Management Analyst,91990,USD,91990,US,100,US,M
2025,MI,FT,Data Engineer,89000,USD,89000,US,100,US,M
2025,SE,FT,Software Engineer,176000,USD,176000,US,100,US,M
2025,SE,FT,Machine Learning Engineer,180000,USD,180000,US,100,US,M
2025,MI,FT,Associate,180830,USD,180830,US,100,US,M
2025,EN,FT,Data Specialist,68000,USD,68000,US,100,US,M
2025,SE,FT,Site Reliability Engineer,150000,USD,150000,US,100,US,M
2025,SE,FT,Engineer,100000,USD,100000,US,100,US,M
2025,SE,FT,Engineer,235000,USD,235000,US,100,US,M
2025,SE,FT,Machine Learning Engineer,262000,USD,262000,US,100,US,M
2025,SE,FT,Manager,112700,USD,112700,US,100,US,M
2025,SE,FT,Data Analyst,59000,EUR,62105,ES,100,ES,M
2025,SE,FT,DevOps Engineer,150000,USD,150000,US,100,US,M
2025,SE,FT,Machine Learning Engineer,134000,USD,134000,US,100,US,M
2025,MI,FT,Analyst,152405,USD,152405,US,100,US,M
2025,SE,FT,AI Engineer,189500,USD,189500,US,100,US,M
2025,EN,FT,Data Scientist,120000,USD,120000,US,100,US,M
2025,SE,FT,Data Scientist,163000,USD,163000,US,100,US,M
2025,MI,FT,Manager,210000,USD,210000,US,100,US,M
2025,SE,FT,Data Governance Analyst,121000,USD,121000,US,100,US,M
2025,SE,FT,Machine Learning Engineer,251600,USD,251600,US,100,US,M
2025,SE,FT,Data Engineer,100200,USD,100200,AR,100,AR,M
2025,SE,FT,Data Architect,149587,USD,149587,US,100,US,M
2025,SE,FT,Analytics Engineer,165000,USD,165000,US,100,US,M
2025,SE,FT,Data Quality Expert,151646,USD,151646,US,100,US,M
2025,MI,FT,Data Infrastructure Engineer,185000,USD,185000,US,100,US,M
2025,SE,FT,Engineer,146900,USD,146900,US,100,US,M
2025,MI,FT,Associate,219700,USD,219700,US,100,US,M
2025,SE,FT,Data Strategist,147000,USD,147000,US,100,US,M
2025,MI,FT,Data Engineer,148492,USD,148492,US,100,US,M
2025,SE,FT,Engineer,150000,USD,150000,US,100,US,M
2025,SE,FT,Data Scientist,246043,USD,246043,US,100,US,M
2025,SE,FT,Data Scientist,110000,USD,110000,US,100,US,M
2025,SE,FT,Engineer,150000,USD,150000,US,100,US,M
2025,MI,FT,Analyst,90000,USD,90000,US,100,US,M
2025,SE,FT,Manager,215040,USD,215040,US,100,US,M
2025,SE,FT,Manager,195000,USD,195000,US,100,US,M
2025,SE,FT,Data Architect,251456,USD,251456,US,100,US,M
2025,SE,FT,Manager,230000,USD,230000,US,100,US,M
2025,SE,FT,Analytics Engineer,160000,USD,160000,US,100,US,M
2025,SE,FT,Data Scientist,110000,USD,110000,US,100,US,M
2025,SE,FT,Data Analyst,40900,USD,40900,GB,100,GB,M
2025,SE,FT,Machine Learning Engineer,142000,USD,142000,CA,100,CA,M
2025,SE,FT,Data Scientist,160000,USD,160000,US,100,US,M
2025,SE,FT,Data Engineer,50000,EUR,52631,ES,100,ES,M
2025,MI,FT,Machine Learning Engineer,176924,USD,176924,US,100,US,M
2025,MI,FT,Data Engineer,170000,USD,170000,US,100,US,M
2025,SE,FT,Machine Learning Engineer,205000,USD,205000,US,100,US,M
2025,SE,FT,BI Analyst,110000,USD,110000,US,100,US,M
2025,SE,FT,Data Analyst,80000,USD,80000,US,100,US,M
2025,MI,FT,Data Engineer,62400,USD,62400,US,100,US,M
2025,SE,FT,Data Scientist,229680,USD,229680,US,100,US,M
2025,EN,FT,Data Analyst,85000,USD,85000,US,100,US,M
2025,MI,FT,Data Scientist,110000,USD,110000,US,100,US,M
2025,MI,FT,Data Engineer,161000,USD,161000,US,100,US,M
2025,SE,FT,Data Scientist,149084,USD,149084,US,100,US,M
2025,SE,FT,Product Manager,160000,USD,160000,US,100,US,M
2025,SE,FT,Product Manager,190000,USD,190000,US,100,US,M
2025,MI,FT,Engineering Manager,244000,USD,244000,US,100,US,M
2025,MI,FT,AI Developer,170640,USD,170640,US,100,US,M
2025,MI,FT,Engineer,112945,USD,112945,US,100,US,M
2025,SE,FT,Data Scientist,207000,USD,207000,US,100,US,M
2025,MI,FT,Software Engineer,220000,USD,220000,CA,100,CA,M
2025,SE,FT,Data Architect,89500,USD,89500,US,100,US,M
2025,MI,FT,AI Engineer,181600,USD,181600,US,100,US,M
2025,SE,FT,Machine Learning Researcher,160000,USD,160000,US,100,US,M
2025,SE,FT,Machine Learning Scientist,200000,USD,200000,US,100,US,M
2025,SE,FT,Data Governance,295000,USD,295000,US,100,US,M
2025,SE,FT,Data Product Manager,160000,USD,160000,US,100,US,M
2025,SE,FT,Manager,137000,USD,137000,US,100,US,M
2025,MI,FT,Manager,256900,USD,256900,US,100,US,M
2025,SE,FT,Developer,145000,USD,145000,CA,100,CA,M
2025,SE,FT,BI Analyst,110000,USD,110000,US,100,US,M
2025,SE,FT,Data Product Manager,115000,USD,115000,US,100,US,M
2025,SE,FT,Analyst,120000,USD,120000,US,100,US,M
2025,SE,FT,Solutions Architect,198000,USD,198000,US,100,US,M
2025,SE,FT,Solutions Architect,163500,USD,163500,US,100,US,M
2025,SE,FT,Software Engineer,101000,USD,101000,US,100,US,M
2025,SE,FT,Machine Learning Engineer,220000,USD,220000,US,100,US,M
2025,MI,FT,AI Engineer,100000,USD,100000,US,100,US,M
2025,MI,FT,Business Intelligence Engineer,91100,USD,91100,US,100,US,M
2025,SE,FT,Data Analyst,103500,GBP,131012,GB,100,GB,M
2025,SE,FT,Business Intelligence Analyst,110300,USD,110300,US,100,US,M
2025,EX,FT,Account Executive,100000,USD,100000,US,100,US,M
2025,SE,FT,Decision Scientist,150000,USD,150000,US,100,US,M
2025,SE,FT,Manager,195400,USD,195400,US,100,US,M
2025,SE,FT,Developer,144960,USD,144960,US,100,US,M
2025,SE,FT,BI Analyst,110000,USD,110000,US,100,US,M
2025,EX,FT,Head of AI,300000,USD,300000,US,100,US,M
2025,SE,FT,Engineer,255000,USD,255000,US,100,US,M
2025,SE,FT,BI Analyst,150000,USD,150000,US,100,US,M
2025,SE,FT,Analyst,120000,USD,120000,US,100,US,M
2025,SE,FT,Software Developer,103711,USD,103711,US,100,US,M
2025,MI,FT,Machine Learning Engineer,100000,USD,100000,US,100,US,M
2025,SE,FT,QA Engineer,360000,BRL,59113,BR,100,BR,M
2025,MI,FT,Software Engineer,176000,USD,176000,US,100,US,M
2025,SE,FT,Data Engineer,155000,USD,155000,US,100,US,M
2025,SE,FT,Manager,210000,USD,210000,US,100,US,M
2025,EN,FT,Analyst,120000,USD,120000,US,100,US,M
2025,SE,FT,Engineer,100500,USD,100500,US,100,US,M
2025,MI,FT,Data Analyst,113440,USD,113440,US,100,US,M
2025,MI,FT,Associate,245985,USD,245985,US,100,US,M
2025,SE,FT,Software Engineer,145600,USD,145600,US,100,US,M
2025,MI,FT,Manager,165000,USD,165000,US,100,US,M
2025,SE,FT,Data Engineer,170000,USD,170000,US,100,US,M
2025,SE,FT,Engineer,160000,USD,160000,US,100,US,M
2025,MI,FT,Data Engineer,120000,USD,120000,US,100,US,M
2025,SE,FT,Data Analyst,132000,USD,132000,US,100,US,M
2025,SE,FT,Machine Learning Engineer,280000,USD,280000,US,100,US,M
2025,SE,FT,Product Manager,321500,USD,321500,US,100,US,M
2025,MI,FT,Manager,175931,USD,175931,US,100,US,M
2025,SE,FT,Machine Learning Engineer,110000,EUR,115789,DE,100,DE,M
2025,SE,FT,AI Engineer,242500,USD,242500,US,100,US,M
2025,MI,FT,Machine Learning Engineer,210000,USD,210000,US,100,US,M
2025,MI,FT,Machine Learning Engineer,290900,USD,290900,US,100,US,M
2025,SE,FT,AI Product Lead,152900,USD,152900,US,100,US,M
2025,MI,FT,Data Scientist,121900,USD,121900,US,100,US,M
2025,SE,FT,Software Engineer,405000,USD,405000,US,100,US,M
2025,MI,FT,Data Analyst,135000,USD,135000,US,100,US,M
2025,SE,FT,Manager,190000,USD,190000,US,100,US,M
2025,SE,FT,Data Engineer,104650,USD,104650,US,100,US,M
2025,SE,FT,Software Engineer,197000,USD,197000,US,100,US,M
2025,MI,FT,Data Scientist,138000,USD,138000,US,100,US,M
2025,EN,FT,Data Analyst,80000,USD,80000,US,100,US,M
2025,MI,FT,Manager,145000,USD,145000,US,100,US,M
2025,SE,FT,Software Engineer,89500,USD,89500,US,100,US,M
2025,SE,FT,System Engineer,264375,USD,264375,US,100,US,M
2025,SE,FT,Data Analyst,110000,USD,110000,US,100,US,M
2025,SE,FT,Software Engineer,265000,USD,265000,US,100,US,M
2025,SE,FT,Manager,92300,USD,92300,US,100,US,M
2025,MI,PT,Data Specialist,68000,USD,68000,US,100,US,M
2025,SE,FT,Product Manager,173000,USD,173000,US,100,US,M
2025,SE,FT,Software Engineer,190000,USD,190000,US,100,US,M
2025,EN,FT,Data Analyst,80000,USD,80000,US,100,US,M
2025,MI,FT,Analytics Engineer,207485,USD,207485,US,100,US,M
2025,SE,FT,Data Analyst,148460,USD,148460,US,100,US,M
2025,SE,FT,Software Engineer,220500,USD,220500,US,100,US,M
2025,MI,FT,Data Analyst,98400,USD,98400,US,100,US,M
2025,MI,FT,Data Scientist,170000,USD,170000,US,100,US,M
2025,EX,FT,Head of Data,220000,USD,220000,US,100,US,M
2025,EN,FT,Data Analyst,41440,USD,41440,US,100,US,M
2025,SE,FT,Data Product Manager,165000,USD,165000,US,100,US,M
2025,MI,FT,Data Governance Specialist,171168,USD,171168,US,100,US,M
2025,SE,FT,Solution Architect,104600,USD,104600,US,100,US,M
2025,EN,FT,Data Analyst,106000,USD,106000,US,100,US,M
2025,SE,FT,Data Analyst,110000,USD,110000,US,100,US,M
2025,SE,FT,Data Analyst,68700,USD,68700,US,100,US,M
2025,SE,FT,Data Governance Specialist,154700,USD,154700,US,100,US,M
2025,SE,FT,Architect,123000,USD,123000,US,100,US,M
2025,MI,FT,Automation Engineer,122200,USD,122200,US,100,US,M
2025,MI,FT,Product Manager,140000,USD,140000,US,100,US,M
2025,SE,FT,Data Analyst,123700,USD,123700,US,100,US,M
2025,MI,FT,Manager,120600,USD,120600,US,100,US,M
2025,SE,FT,Solutions Architect,135360,USD,135360,US,100,US,M
2025,MI,FT,Analytics Engineer,140000,USD,140000,US,100,US,M
2025,SE,FT,Machine Learning Engineer,140000,USD,140000,US,100,US,M
2025,SE,FT,Machine Learning Engineer,215000,USD,215000,US,100,US,M
2025,SE,FT,Machine Learning Engineer,230000,USD,230000,US,100,US,M
2025,SE,FT,Data Engineer,236400,USD,236400,US,100,US,M
2025,MI,FT,Software Engineer,150000,USD,150000,US,100,US,M
2025,SE,FT,Software Engineer,356500,USD,356500,US,100,US,M
2025,SE,FT,Data Developer,190137,USD,190137,US,100,US,M
2025,SE,FT,Data Scientist,201000,USD,201000,US,100,US,M
2025,EX,FT,Director,150000,USD,150000,US,100,US,M
2025,SE,FT,Product Manager,211000,USD,211000,US,100,US,M
2025,SE,FT,Data Scientist,125000,USD,125000,US,100,US,M
2025,SE,FT,Data Scientist,143000,USD,143000,US,100,US,M
2025,SE,FT,AI Engineer,264000,USD,264000,US,100,US,M
2025,MI,FT,Engineer,106331,USD,106331,US,100,US,M
2025,SE,FT,BI Analyst,110000,USD,110000,US,100,US,M
2025,SE,FT,Product Designer,215000,USD,215000,US,100,US,M
2025,SE,FT,Data Scientist,163116,USD,163116,US,100,US,M
2025,SE,FT,Systems Engineer,189175,USD,189175,US,100,US,M
2025,MI,FT,Data Scientist,104000,USD,104000,US,100,US,M
2025,SE,FT,Platform Engineer,100500,USD,100500,US,100,US,M
2025,MI,FT,Data Integration Specialist,95000,USD,95000,US,100,US,M
2025,SE,FT,Analyst,150000,USD,150000,US,100,US,M
2025,MI,FT,Data Integration Specialist,75000,USD,75000,US,100,US,M
2025,SE,FT,Engineering Manager,214000,USD,214000,CA,100,CA,M
2025,SE,FT,Data Analyst,173000,USD,173000,US,100,US,M
2025,MI,FT,Data Visualization Specialist,56500,USD,56500,US,100,US,M
2025,MI,FT,Consultant,98800,USD,98800,US,100,US,M
2025,SE,FT,Data Engineer,135000,CAD,96428,CA,100,CA,M
2025,SE,FT,Data Scientist,160000,USD,160000,US,100,US,M
2025,SE,FT,Data Engineer,93000,USD,93000,US,100,US,M
2025,SE,FT,Consultant,110000,USD,110000,US,100,US,M
2025,SE,FT,Data Analyst,110000,USD,110000,US,100,US,M
2025,MI,FT,Solutions Engineer,164000,USD,164000,US,100,US,M
2025,MI,FT,Data Analytics Manager,114234,USD,114234,US,100,US,M
2025,SE,FT,Software Engineer,131500,USD,131500,US,100,US,M
2025,MI,FT,Insight Analyst,115000,USD,115000,US,100,US,M
2025,SE,FT,Director,260000,USD,260000,US,100,US,M
2025,MI,FT,Product Manager,144000,USD,144000,US,100,US,M
2025,SE,FT,Data Analyst,110000,USD,110000,US,100,US,M
2025,SE,FT,Software Engineer,167000,USD,167000,US,100,US,M
2025,SE,FT,Machine Learning Engineer,161000,USD,161000,US,100,US,M
2025,SE,FT,Backend Engineer,129750,USD,129750,US,100,US,M
2025,SE,FT,Manager,145000,USD,145000,US,100,US,M
2025,EX,FT,Account Executive,120000,USD,120000,US,100,US,M
2025,SE,FT,Product Manager,267100,USD,267100,US,100,US,M
2025,MI,FT,Consultant,104000,USD,104000,US,100,US,M
2025,MI,FT,Analyst,55978,USD,55978,US,100,US,M
2025,SE,FT,Data Scientist,129639,USD,129639,US,100,US,M
2025,SE,FT,Machine Learning Researcher,160000,USD,160000,US,100,US,M
2025,SE,FT,Data Analyst,150000,USD,150000,US,100,US,M
2025,SE,FT,Data Analyst,132700,USD,132700,US,100,US,M
2025,SE,FT,Software Engineer,233800,USD,233800,US,100,US,M
2025,EX,FT,AI Solution Director,180000,USD,180000,US,100,US,M
2025,MI,FT,Software Development Engineer,150000,USD,150000,US,100,US,M
2025,MI,FT,Manager,90000,USD,90000,US,100,US,M
2025,SE,FT,Data Scientist,110000,USD,110000,US,100,US,M
2025,SE,FT,Data Scientist,190000,USD,190000,US,100,US,M
2025,SE,FT,Software Engineer,140000,USD,140000,CA,100,CA,M
2025,SE,FT,Manager,139000,USD,139000,US,100,US,M
2025,SE,FT,Machine Learning Engineer,237000,USD,237000,US,100,US,M
2025,SE,FT,DevOps Engineer,170000,USD,170000,US,100,US,M
2025,MI,FT,AI Engineer,120000,USD,120000,CA,100,CA,M
2025,SE,FT,BI Analyst,150000,USD,150000,US,100,US,M
2025,SE,FT,Data Engineer,55000,GBP,69620,GB,100,GB,M
2025,SE,FT,Machine Learning Engineer,299260,USD,299260,US,100,US,M
2025,SE,FT,Software Engineer,184475,CAD,131767,CA,100,CA,M
2025,MI,CT,Software Engineer,138000,USD,138000,US,100,US,M
2025,SE,FT,Solutions Architect,264300,USD,264300,US,100,US,M
2025,SE,FT,Data Architect,143100,USD,143100,US,100,US,M
2025,SE,FT,Machine Learning Engineer,335930,USD,335930,US,100,US,M
2025,MI,FT,Analyst,135320,USD,135320,US,100,US,M
2025,SE,FT,Data Manager,180000,USD,180000,US,100,US,M
2025,MI,FT,Engineer,110000,USD,110000,US,100,US,M
2025,SE,FT,Solution Architect,83800,USD,83800,US,100,US,M
2025,SE,FT,Data Analyst,80000,USD,80000,US,100,US,M
2025,EN,FT,Analyst,125000,USD,125000,US,100,US,M
2025,MI,FT,Data Engineer,191800,USD,191800,US,100,US,M
2025,MI,FT,Software Engineer,181000,USD,181000,US,100,US,M
2025,SE,FT,Data Manager,180000,USD,180000,US,100,US,M
2025,SE,FT,Manager,140000,USD,140000,US,100,US,M
2025,MI,FT,Data Analyst,61500,USD,61500,US,100,US,M
2025,SE,FT,Machine Learning Engineer,351500,USD,351500,US,100,US,M
2025,MI,FT,Software Engineer,720000,USD,720000,US,100,US,M
2025,MI,FT,Manager,120000,USD,120000,US,100,US,M
2025,SE,FT,Software Engineer,159000,CAD,113571,CA,100,CA,M
2025,SE,FT,Data Scientist,110000,USD,110000,US,100,US,M
2025,SE,FT,Data Engineer,97000,USD,97000,US,100,US,M
2025,MI,FT,Data Analysis Specialist,130000,USD,130000,US,100,US,M
2025,EN,FT,Engineer,156450,USD,156450,US,100,US,M
2025,SE,FT,Data Engineer,138600,USD,138600,US,100,US,M
2025,SE,FT,Associate,85000,USD,85000,US,100,US,M
2025,SE,FT,Consultant,116334,USD,116334,US,100,US,M
2025,MI,FT,Manager,172000,USD,172000,CA,100,CA,M
2025,SE,FT,Data Engineer,210000,USD,210000,US,100,US,M
2025,MI,FT,Software Engineer,253000,USD,253000,US,100,US,M
2025,MI,FT,Engineer,202730,USD,202730,US,100,US,M
2025,SE,FT,Engineer,154000,USD,154000,US,100,US,M
2025,SE,FT,Data Scientist,104832,USD,104832,US,100,US,M
2025,MI,FT,Product Manager,197200,USD,197200,US,100,US,M
2025,SE,FT,Data Engineer,129300,USD,129300,US,100,US,M
2025,SE,FT,Data Analyst,100000,USD,100000,US,100,US,M
